WORD,SENTIMENT
ABANDON,N
ABANDONED,N
ABANDONING,N
ABANDONMENT,N
ABANDONMENTS,N
ABANDONS,N
ABDICATED,N
ABDICATES,N
ABDICATING,N
ABDICATION,N
ABDICATIONS,N
ABERRANT,N
ABERRATION,N
ABERRATIONAL,N
ABERRATIONS,N
ABETTING,N
ABEYANCE,U
ABEYANCES,U
ABLE,P
ABNORMAL,N
ABNORMALITIES,N
ABNORMALITY,N
ABNORMALLY,N
ABOLISH,N
ABOLISHED,N
ABOLISHES,N
ABOLISHING,N
ABROGATE,N
ABROGATED,N
ABROGATES,N
ABROGATING,N
ABROGATION,N
ABROGATIONS,N
ABRUPT,N
ABRUPTLY,N
ABRUPTNESS,N
ABSENCE,N
ABSENCES,N
ABSENTEEISM,N
ABUNDANCE,P
ABUNDANT,P
ABUSE,N
ABUSED,N
ABUSES,N
ABUSING,N
ABUSIVE,N
ABUSIVELY,N
ABUSIVENESS,N
ACCIDENT,N
ACCIDENTAL,N
ACCIDENTALLY,N
ACCIDENTS,N
ACCLAIMED,P
ACCOMPLISH,P
ACCOMPLISHED,P
ACCOMPLISHES,P
ACCOMPLISHING,P
ACCOMPLISHMENT,P
ACCOMPLISHMENTS,P
ACCUSATION,N
ACCUSATIONS,N
ACCUSE,N
ACCUSED,N
ACCUSES,N
ACCUSING,N
ACHIEVE,P
ACHIEVED,P
ACHIEVEMENT,P
ACHIEVEMENTS,P
ACHIEVES,P
ACHIEVING,P
ACQUIESCE,N
ACQUIESCED,N
ACQUIESCES,N
ACQUIESCING,N
ACQUIT,N
ACQUITS,N
ACQUITTAL,N
ACQUITTALS,N
ACQUITTED,N
ACQUITTING,N
ADEQUATELY,P
ADULTERATE,N
ADULTERATED,N
ADULTERATING,N
ADULTERATION,N
ADULTERATIONS,N
ADVANCEMENT,P
ADVANCEMENTS,P
ADVANCES,P
ADVANCING,P
ADVANTAGE,P
ADVANTAGED,P
ADVANTAGEOUS,P
ADVANTAGEOUSLY,P
ADVANTAGES,P
ADVERSARIAL,N
ADVERSARIES,N
ADVERSARY,N
ADVERSE,N
ADVERSELY,N
ADVERSITIES,N
ADVERSITY,N
AFTERMATH,N
AFTERMATHS,N
AGAINST,N
AGGRAVATE,N
AGGRAVATED,N
AGGRAVATES,N
AGGRAVATING,N
AGGRAVATION,N
AGGRAVATIONS,N
ALERTED,N
ALERTING,N
ALIENATE,N
ALIENATED,N
ALIENATES,N
ALIENATING,N
ALIENATION,N
ALIENATIONS,N
ALLEGATION,N
ALLEGATIONS,N
ALLEGE,N
ALLEGED,N
ALLEGEDLY,N
ALLEGES,N
ALLEGING,N
ALLIANCE,P
ALLIANCES,P
ALMOST,U
ALTERATION,U
ALTERATIONS,U
AMBIGUITIES,U
AMBIGUITY,U
AMBIGUOUS,U
ANNOY,N
ANNOYANCE,N
ANNOYANCES,N
ANNOYED,N
ANNOYING,N
ANNOYS,N
ANNUL,N
ANNULLED,N
ANNULLING,N
ANNULMENT,N
ANNULMENTS,N
ANNULS,N
ANOMALIES,N
ANOMALOUS,N
ANOMALOUSLY,N
ANOMALY,N
ANTICIPATE,U
ANTICIPATED,U
ANTICIPATES,U
ANTICIPATING,U
ANTICIPATION,U
ANTICIPATIONS,U
ANTICOMPETITIVE,N
ANTITRUST,N
APPARENT,U
APPARENTLY,U
APPEAR,U
APPEARED,U
APPEARING,U
APPEARS,U
APPROXIMATE,U
APPROXIMATED,U
APPROXIMATELY,U
APPROXIMATES,U
APPROXIMATING,U
APPROXIMATION,U
APPROXIMATIONS,U
ARBITRARILY,U
ARBITRARINESS,U
ARBITRARY,U
ARGUE,N
ARGUED,N
ARGUING,N
ARGUMENT,N
ARGUMENTATIVE,N
ARGUMENTS,N
ARREARAGE,N
ARREARAGES,N
ARREARS,N
ARREST,N
ARRESTED,N
ARRESTS,N
ARTIFICIALLY,N
ASSAULT,N
ASSAULTED,N
ASSAULTING,N
ASSAULTS,N
ASSERTIONS,N
ASSUME,U
ASSUMED,U
ASSUMES,U
ASSUMING,U
ASSUMPTION,U
ASSUMPTIONS,U
ASSURE,P
ASSURED,P
ASSURES,P
ASSURING,P
ATTAIN,P
ATTAINED,P
ATTAINING,P
ATTAINMENT,P
ATTAINMENTS,P
ATTAINS,P
ATTRACTIVE,P
ATTRACTIVENESS,P
ATTRITION,N
AVERSELY,N
BACKDATING,N
BAD,N
BAIL,N
BAILOUT,N
BALK,N
BALKED,N
BANKRUPT,N
BANKRUPTCIES,N
BANKRUPTCY,N
BANKRUPTED,N
BANKRUPTING,N
BANKRUPTS,N
BANS,N
BARRED,N
BARRIER,N
BARRIERS,N
BEAUTIFUL,P
BEAUTIFULLY,P
BELIEVE,U
BELIEVED,U
BELIEVES,U
BELIEVING,U
BENEFICIAL,P
BENEFICIALLY,P
BENEFIT,P
BENEFITED,P
BENEFITING,P
BENEFITTED,P
BENEFITTING,P
BEST,P
BETTER,P
BOLSTERED,P
BOLSTERING,P
BOLSTERS,P
BOOM,P
BOOMING,P
BOOST,P
BOOSTED,P
BOTTLENECK,N
BOTTLENECKS,N
BOYCOTT,N
BOYCOTTED,N
BOYCOTTING,N
BOYCOTTS,N
BREACH,N
BREACHED,N
BREACHES,N
BREACHING,N
BREAK,N
BREAKAGE,N
BREAKAGES,N
BREAKDOWN,N
BREAKDOWNS,N
BREAKING,N
BREAKS,N
BREAKTHROUGH,P
BREAKTHROUGHS,P
BRIBE,N
BRIBED,N
BRIBERIES,N
BRIBERY,N
BRIBES,N
BRIBING,N
BRIDGE,N
BRILLIANT,P
BROKEN,N
BURDEN,N
BURDENED,N
BURDENING,N
BURDENS,N
BURDENSOME,N
BURNED,N
CALAMITIES,N
CALAMITOUS,N
CALAMITY,N
CANCEL,N
CANCELED,N
CANCELING,N
CANCELLATION,N
CANCELLATIONS,N
CANCELLED,N
CANCELLING,N
CANCELS,N
CARELESS,N
CARELESSLY,N
CARELESSNESS,N
CATASTROPHE,N
CATASTROPHES,N
CATASTROPHIC,N
CATASTROPHICALLY,N
CAUTION,N
CAUTIONARY,N
CAUTIONED,N
CAUTIONING,N
CAUTIONS,N
CAUTIOUS,U
CAUTIOUSLY,U
CAUTIOUSNESS,U
CEASE,N
CEASED,N
CEASES,N
CEASING,N
CENSURE,N
CENSURED,N
CENSURES,N
CENSURING,N
CHALLENGE,N
CHALLENGED,N
CHALLENGES,N
CHALLENGING,N
CHARGEOFFS,N
CHARITABLE,P
CIRCUMVENT,N
CIRCUMVENTED,N
CIRCUMVENTING,N
CIRCUMVENTION,N
CIRCUMVENTIONS,N
CIRCUMVENTS,N
CLAIMING,N
CLAIMS,N
CLARIFICATION,U
CLARIFICATIONS,U
CLAWBACK,N
CLOSED,N
CLOSEOUT,N
CLOSEOUTS,N
CLOSING,N
CLOSINGS,N
CLOSURE,N
CLOSURES,N
COERCE,N
COERCED,N
COERCES,N
COERCING,N
COERCION,N
COERCIVE,N
COLLABORATE,P
COLLABORATED,P
COLLABORATES,P
COLLABORATING,P
COLLABORATION,P
COLLABORATIONS,P
COLLABORATIVE,P
COLLABORATOR,P
COLLABORATORS,P
COLLAPSE,N
COLLAPSED,N
COLLAPSES,N
COLLAPSING,N
COLLISION,N
COLLISIONS,N
COLLUDE,N
COLLUDED,N
COLLUDES,N
COLLUDING,N
COLLUSION,N
COLLUSIONS,N
COLLUSIVE,N
COMPLAIN,N
COMPLAINED,N
COMPLAINING,N
COMPLAINS,N
COMPLAINT,N
COMPLAINTS,N
COMPLICATE,N
COMPLICATED,N
COMPLICATES,N
COMPLICATING,N
COMPLICATION,N
COMPLICATIONS,N
COMPLIMENT,P
COMPLIMENTARY,P
COMPLIMENTED,P
COMPLIMENTING,P
COMPLIMENTS,P
COMPULSION,N
CONCEALED,N
CONCEALING,N
CONCEDE,N
CONCEDED,N
CONCEDES,N
CONCEDING,N
CONCEIVABLE,U
CONCEIVABLY,U
CONCERN,N
CONCERNED,N
CONCERNS,N
CONCILIATING,N
CONCILIATION,N
CONCILIATIONS,N
CONCLUSIVE,P
CONCLUSIVELY,P
CONDEMN,N
CONDEMNATION,N
CONDEMNATIONS,N
CONDEMNED,N
CONDEMNING,N
CONDEMNS,N
CONDITIONAL,U
CONDITIONALLY,U
CONDONE,N
CONDONED,N
CONDUCIVE,P
CONFESS,N
CONFESSED,N
CONFESSES,N
CONFESSING,N
CONFESSION,N
CONFIDENT,P
CONFINE,N
CONFINED,N
CONFINEMENT,N
CONFINEMENTS,N
CONFINES,N
CONFINING,N
CONFISCATE,N
CONFISCATED,N
CONFISCATES,N
CONFISCATING,N
CONFISCATION,N
CONFISCATIONS,N
CONFLICT,N
CONFLICTED,N
CONFLICTING,N
CONFLICTS,N
CONFRONT,N
CONFRONTATION,N
CONFRONTATIONAL,N
CONFRONTATIONS,N
CONFRONTED,N
CONFRONTING,N
CONFRONTS,N
CONFUSE,N
CONFUSED,N
CONFUSES,N
CONFUSING,N
CONFUSINGLY,N
CONFUSION,N
CONSPIRACIES,N
CONSPIRACY,N
CONSPIRATOR,N
CONSPIRATORIAL,N
CONSPIRATORS,N
CONSPIRE,N
CONSPIRED,N
CONSPIRES,N
CONSPIRING,N
CONSTRUCTIVE,P
CONSTRUCTIVELY,P
CONTEMPT,N
CONTEND,N
CONTENDED,N
CONTENDING,N
CONTENDS,N
CONTENTION,N
CONTENTIONS,N
CONTENTIOUS,N
CONTENTIOUSLY,N
CONTESTED,N
CONTESTING,N
CONTINGENCIES,U
CONTINGENCY,U
CONTINGENT,U
CONTINGENTLY,U
CONTINGENTS,U
CONTRACTION,N
CONTRACTIONS,N
CONTRADICT,N
CONTRADICTED,N
CONTRADICTING,N
CONTRADICTION,N
CONTRADICTIONS,N
CONTRADICTORY,N
CONTRADICTS,N
CONTRARY,N
CONTROVERSIAL,N
CONTROVERSIES,N
CONTROVERSY,N
CONVICT,N
CONVICTED,N
CONVICTING,N
CONVICTION,N
CONVICTIONS,N
CORRECTED,N
CORRECTING,N
CORRECTION,N
CORRECTIONS,N
CORRECTS,N
CORRUPT,N
CORRUPTED,N
CORRUPTING,N
CORRUPTION,N
CORRUPTIONS,N
CORRUPTLY,N
CORRUPTNESS,N
COSTLY,N
COULD,U
COUNTERCLAIM,N
COUNTERCLAIMED,N
COUNTERCLAIMING,N
COUNTERCLAIMS,N
COUNTERFEIT,N
COUNTERFEITED,N
COUNTERFEITER,N
COUNTERFEITERS,N
COUNTERFEITING,N
COUNTERFEITS,N
COUNTERMEASURE,N
COUNTERMEASURES,N
COURTEOUS,P
CREATIVE,P
CREATIVELY,P
CREATIVENESS,P
CREATIVITY,P
CRIME,N
CRIMES,N
CRIMINAL,N
CRIMINALLY,N
CRIMINALS,N
CRISES,N
CRISIS,N
CRITICAL,N
CRITICALLY,N
CRITICISM,N
CRITICISMS,N
CRITICIZE,N
CRITICIZED,N
CRITICIZES,N
CRITICIZING,N
CROSSROAD,U
CROSSROADS,U
CRUCIAL,N
CRUCIALLY,N
CULPABILITY,N
CULPABLE,N
CULPABLY,N
CUMBERSOME,N
CURTAIL,N
CURTAILED,N
CURTAILING,N
CURTAILMENT,N
CURTAILMENTS,N
CURTAILS,N
CUT,N
CUTBACK,N
CUTBACKS,N
CYBERATTACK,N
CYBERATTACKS,N
CYBERBULLYING,N
CYBERCRIME,N
CYBERCRIMES,N
CYBERCRIMINAL,N
CYBERCRIMINALS,N
DAMAGE,N
DAMAGED,N
DAMAGES,N
DAMAGING,N
DAMPEN,N
DAMPENED,N
DANGER,N
DANGEROUS,N
DANGEROUSLY,N
DANGERS,N
DEADLOCK,N
DEADLOCKED,N
DEADLOCKING,N
DEADLOCKS,N
DEADWEIGHT,N
DEADWEIGHTS,N
DEBARMENT,N
DEBARMENTS,N
DEBARRED,N
DECEASED,N
DECEIT,N
DECEITFUL,N
DECEITFULNESS,N
DECEIVE,N
DECEIVED,N
DECEIVES,N
DECEIVING,N
DECEPTION,N
DECEPTIONS,N
DECEPTIVE,N
DECEPTIVELY,N
DECLINE,N
DECLINED,N
DECLINES,N
DECLINING,N
DEFACE,N
DEFACED,N
DEFACEMENT,N
DEFAMATION,N
DEFAMATIONS,N
DEFAMATORY,N
DEFAME,N
DEFAMED,N
DEFAMES,N
DEFAMING,N
DEFAULT,N
DEFAULTED,N
DEFAULTING,N
DEFAULTS,N
DEFEAT,N
DEFEATED,N
DEFEATING,N
DEFEATS,N
DEFECT,N
DEFECTIVE,N
DEFECTS,N
DEFEND,N
DEFENDANT,N
DEFENDANTS,N
DEFENDED,N
DEFENDING,N
DEFENDS,N
DEFENSIVE,N
DEFER,N
DEFICIENCIES,N
DEFICIENCY,N
DEFICIENT,N
DEFICIT,N
DEFICITS,N
DEFRAUD,N
DEFRAUDED,N
DEFRAUDING,N
DEFRAUDS,N
DEFUNCT,N
DEGRADATION,N
DEGRADATIONS,N
DEGRADE,N
DEGRADED,N
DEGRADES,N
DEGRADING,N
DELAY,N
DELAYED,N
DELAYING,N
DELAYS,N
DELETERIOUS,N
DELIBERATE,N
DELIBERATED,N
DELIBERATELY,N
DELIGHT,P
DELIGHTED,P
DELIGHTFUL,P
DELIGHTFULLY,P
DELIGHTING,P
DELIGHTS,P
DELINQUENCIES,N
DELINQUENCY,N
DELINQUENT,N
DELINQUENTLY,N
DELINQUENTS,N
DELIST,N
DELISTED,N
DELISTING,N
DELISTS,N
DEMISE,N
DEMISED,N
DEMISES,N
DEMISING,N
DEMOLISH,N
DEMOLISHED,N
DEMOLISHES,N
DEMOLISHING,N
DEMOLITION,N
DEMOLITIONS,N
DEMOTE,N
DEMOTED,N
DEMOTES,N
DEMOTING,N
DEMOTION,N
DEMOTIONS,N
DENIAL,N
DENIALS,N
DENIED,N
DENIES,N
DENIGRATE,N
DENIGRATED,N
DENIGRATES,N
DENIGRATING,N
DENIGRATION,N
DENY,N
DENYING,N
DEPEND,U
DEPENDABILITY,P
DEPENDABLE,P
DEPENDED,U
DEPENDENCE,U
DEPENDENCIES,U
DEPENDENCY,U
DEPENDENT,U
DEPENDING,U
DEPENDS,U
DEPLETE,N
DEPLETED,N
DEPLETES,N
DEPLETING,N
DEPLETION,N
DEPLETIONS,N
DEPRECATION,N
DEPRESS,N
DEPRESSED,N
DEPRESSES,N
DEPRESSING,N
DEPRIVATION,N
DEPRIVE,N
DEPRIVED,N
DEPRIVES,N
DEPRIVING,N
DERELICT,N
DERELICTION,N
DEROGATORY,N
DESIRABLE,P
DESIRED,P
DESPITE,P
DESTABILIZATION,N
DESTABILIZE,N
DESTABILIZED,N
DESTABILIZING,N
DESTINED,P
DESTROY,N
DESTROYED,N
DESTROYING,N
DESTROYS,N
DESTRUCTION,N
DESTRUCTIVE,N
DETAIN,N
DETAINED,N
DETENTION,N
DETENTIONS,N
DETER,N
DETERIORATE,N
DETERIORATED,N
DETERIORATES,N
DETERIORATING,N
DETERIORATION,N
DETERIORATIONS,N
DETERRED,N
DETERRENCE,N
DETERRENCES,N
DETERRENT,N
DETERRENTS,N
DETERRING,N
DETERS,N
DETRACT,N
DETRACTED,N
DETRACTING,N
DETRIMENT,N
DETRIMENTAL,N
DETRIMENTALLY,N
DETRIMENTS,N
DEVALUE,N
DEVALUED,N
DEVALUES,N
DEVALUING,N
DEVASTATE,N
DEVASTATED,N
DEVASTATING,N
DEVASTATION,N
DEVIATE,N
DEVIATED,N
DEVIATES,N
DEVIATING,N
DEVIATION,N
DEVIATIONS,N
DEVOLVE,N
DEVOLVED,N
DEVOLVES,N
DEVOLVING,N
DIFFER,U
DIFFERED,U
DIFFERING,U
DIFFERS,U
DIFFICULT,N
DIFFICULTIES,N
DIFFICULTLY,N
DIFFICULTY,N
DILIGENT,P
DILIGENTLY,P
DIMINISH,N
DIMINISHED,N
DIMINISHES,N
DIMINISHING,N
DIMINUTION,N
DISADVANTAGE,N
DISADVANTAGED,N
DISADVANTAGEOUS,N
DISADVANTAGES,N
DISAFFILIATION,N
DISAGREE,N
DISAGREEABLE,N
DISAGREED,N
DISAGREEING,N
DISAGREEMENT,N
DISAGREEMENTS,N
DISAGREES,N
DISALLOW,N
DISALLOWANCE,N
DISALLOWANCES,N
DISALLOWED,N
DISALLOWING,N
DISALLOWS,N
DISAPPEAR,N
DISAPPEARANCE,N
DISAPPEARANCES,N
DISAPPEARED,N
DISAPPEARING,N
DISAPPEARS,N
DISAPPOINT,N
DISAPPOINTED,N
DISAPPOINTING,N
DISAPPOINTINGLY,N
DISAPPOINTMENT,N
DISAPPOINTMENTS,N
DISAPPOINTS,N
DISAPPROVAL,N
DISAPPROVALS,N
DISAPPROVE,N
DISAPPROVED,N
DISAPPROVES,N
DISAPPROVING,N
DISASSOCIATES,N
DISASSOCIATING,N
DISASSOCIATION,N
DISASSOCIATIONS,N
DISASTER,N
DISASTERS,N
DISASTROUS,N
DISASTROUSLY,N
DISAVOW,N
DISAVOWAL,N
DISAVOWED,N
DISAVOWING,N
DISAVOWS,N
DISCIPLINARY,N
DISCLAIM,N
DISCLAIMED,N
DISCLAIMER,N
DISCLAIMERS,N
DISCLAIMING,N
DISCLAIMS,N
DISCLOSE,N
DISCLOSED,N
DISCLOSES,N
DISCLOSING,N
DISCONTINUANCE,N
DISCONTINUANCES,N
DISCONTINUATION,N
DISCONTINUATIONS,N
DISCONTINUE,N
DISCONTINUED,N
DISCONTINUES,N
DISCONTINUING,N
DISCOURAGE,N
DISCOURAGED,N
DISCOURAGES,N
DISCOURAGING,N
DISCREDIT,N
DISCREDITED,N
DISCREDITING,N
DISCREDITS,N
DISCREPANCIES,N
DISCREPANCY,N
DISFAVOR,N
DISFAVORED,N
DISFAVORING,N
DISFAVORS,N
DISGORGE,N
DISGORGED,N
DISGORGEMENT,N
DISGORGEMENTS,N
DISGORGES,N
DISGORGING,N
DISGRACE,N
DISGRACEFUL,N
DISGRACEFULLY,N
DISHONEST,N
DISHONESTLY,N
DISHONESTY,N
DISHONOR,N
DISHONORABLE,N
DISHONORABLY,N
DISHONORED,N
DISHONORING,N
DISHONORS,N
DISINCENTIVES,N
DISINTERESTED,N
DISINTERESTEDLY,N
DISINTERESTEDNESS,N
DISLOYAL,N
DISLOYALLY,N
DISLOYALTY,N
DISMAL,N
DISMALLY,N
DISMISS,N
DISMISSAL,N
DISMISSALS,N
DISMISSED,N
DISMISSES,N
DISMISSING,N
DISORDERLY,N
DISPARAGE,N
DISPARAGED,N
DISPARAGEMENT,N
DISPARAGEMENTS,N
DISPARAGES,N
DISPARAGING,N
DISPARAGINGLY,N
DISPARITIES,N
DISPARITY,N
DISPLACE,N
DISPLACED,N
DISPLACEMENT,N
DISPLACEMENTS,N
DISPLACES,N
DISPLACING,N
DISPOSE,N
DISPOSSESS,N
DISPOSSESSED,N
DISPOSSESSES,N
DISPOSSESSING,N
DISPROPORTION,N
DISPROPORTIONAL,N
DISPROPORTIONATE,N
DISPROPORTIONATELY,N
DISPUTE,N
DISPUTED,N
DISPUTES,N
DISPUTING,N
DISQUALIFICATION,N
DISQUALIFICATIONS,N
DISQUALIFIED,N
DISQUALIFIES,N
DISQUALIFY,N
DISQUALIFYING,N
DISREGARD,N
DISREGARDED,N
DISREGARDING,N
DISREGARDS,N
DISREPUTABLE,N
DISREPUTE,N
DISRUPT,N
DISRUPTED,N
DISRUPTING,N
DISRUPTION,N
DISRUPTIONS,N
DISRUPTIVE,N
DISRUPTS,N
DISSATISFACTION,N
DISSATISFIED,N
DISSENT,N
DISSENTED,N
DISSENTER,N
DISSENTERS,N
DISSENTING,N
DISSENTS,N
DISSIDENT,N
DISSIDENTS,N
DISSOLUTION,N
DISSOLUTIONS,N
DISTINCTION,P
DISTINCTIONS,P
DISTINCTIVE,P
DISTINCTIVELY,P
DISTINCTIVENESS,P
DISTORT,N
DISTORTED,N
DISTORTING,N
DISTORTION,N
DISTORTIONS,N
DISTORTS,N
DISTRACT,N
DISTRACTED,N
DISTRACTING,N
DISTRACTION,N
DISTRACTIONS,N
DISTRACTS,N
DISTRESS,N
DISTRESSED,N
DISTURB,N
DISTURBANCE,N
DISTURBANCES,N
DISTURBED,N
DISTURBING,N
DISTURBS,N
DIVERSION,N
DIVERT,N
DIVERTED,N
DIVERTING,N
DIVERTS,N
DIVEST,N
DIVESTED,N
DIVESTING,N
DIVESTITURE,N
DIVESTITURES,N
DIVESTMENT,N
DIVESTMENTS,N
DIVESTS,N
DIVORCE,N
DIVORCED,N
DIVULGE,N
DIVULGED,N
DIVULGES,N
DIVULGING,N
DOUBT,N
DOUBTED,N
DOUBTFUL,N
DOUBTS,N
DOWNGRADE,N
DOWNGRADED,N
DOWNGRADES,N
DOWNGRADING,N
DOWNSIZE,N
DOWNSIZED,N
DOWNSIZES,N
DOWNSIZING,N
DOWNSIZINGS,N
DOWNTIME,N
DOWNTIMES,N
DOWNTURN,N
DOWNTURNS,N
DOWNWARD,N
DOWNWARDS,N
DRAG,N
DRASTIC,N
DRASTICALLY,N
DRAWBACK,N
DRAWBACKS,N
DREAM,P
DROPPED,N
DROUGHT,N
DROUGHTS,N
DURESS,N
DYSFUNCTION,N
DYSFUNCTIONAL,N
DYSFUNCTIONS,N
EASIER,P
EASILY,P
EASING,N
EASY,P
EFFECTIVE,P
EFFICIENCIES,P
EFFICIENCY,P
EFFICIENT,P
EFFICIENTLY,P
EGREGIOUS,N
EGREGIOUSLY,N
EMBARGO,N
EMBARGOED,N
EMBARGOES,N
EMBARGOING,N
EMBARRASS,N
EMBARRASSED,N
EMBARRASSES,N
EMBARRASSING,N
EMBARRASSMENT,N
EMBARRASSMENTS,N
EMBEZZLE,N
EMBEZZLED,N
EMBEZZLEMENT,N
EMBEZZLEMENTS,N
EMBEZZLER,N
EMBEZZLES,N
EMBEZZLING,N
EMPOWER,P
EMPOWERED,P
EMPOWERING,P
EMPOWERS,P
ENABLE,P
ENABLED,P
ENABLES,P
ENABLING,P
ENCOURAGED,P
ENCOURAGEMENT,P
ENCOURAGES,P
ENCOURAGING,P
ENCROACH,N
ENCROACHED,N
ENCROACHES,N
ENCROACHING,N
ENCROACHMENT,N
ENCROACHMENTS,N
ENCUMBER,N
ENCUMBERED,N
ENCUMBERING,N
ENCUMBERS,N
ENCUMBRANCE,N
ENCUMBRANCES,N
ENDANGER,N
ENDANGERED,N
ENDANGERING,N
ENDANGERMENT,N
ENDANGERS,N
ENHANCE,P
ENHANCED,P
ENHANCEMENT,P
ENHANCEMENTS,P
ENHANCES,P
ENHANCING,P
ENJOIN,N
ENJOINED,N
ENJOINING,N
ENJOINS,N
ENJOY,P
ENJOYABLE,P
ENJOYABLY,P
ENJOYED,P
ENJOYING,P
ENJOYMENT,P
ENJOYS,P
ENTHUSIASM,P
ENTHUSIASTIC,P
ENTHUSIASTICALLY,P
ERODE,N
ERODED,N
ERODES,N
ERODING,N
EROSION,N
ERRATIC,N
ERRATICALLY,N
ERRED,N
ERRING,N
ERRONEOUS,N
ERRONEOUSLY,N
ERROR,N
ERRORS,N
ERRS,N
ESCALATE,N
ESCALATED,N
ESCALATES,N
ESCALATING,N
EVADE,N
EVADED,N
EVADES,N
EVADING,N
EVASION,N
EVASIONS,N
EVASIVE,N
EVICT,N
EVICTED,N
EVICTING,N
EVICTION,N
EVICTIONS,N
EVICTS,N
EXACERBATE,N
EXACERBATED,N
EXACERBATES,N
EXACERBATING,N
EXACERBATION,N
EXACERBATIONS,N
EXAGGERATE,N
EXAGGERATED,N
EXAGGERATES,N
EXAGGERATING,N
EXAGGERATION,N
EXCELLENCE,P
EXCELLENT,P
EXCELLING,P
EXCELS,P
EXCEPTIONAL,P
EXCEPTIONALLY,P
EXCESSIVE,N
EXCESSIVELY,N
EXCITED,P
EXCITEMENT,P
EXCITING,P
EXCLUSIVE,P
EXCLUSIVELY,P
EXCLUSIVENESS,P
EXCLUSIVES,P
EXCLUSIVITY,P
EXCULPATE,N
EXCULPATED,N
EXCULPATES,N
EXCULPATING,N
EXCULPATION,N
EXCULPATIONS,N
EXCULPATORY,N
EXEMPLARY,P
EXONERATE,N
EXONERATED,N
EXONERATES,N
EXONERATING,N
EXONERATION,N
EXONERATIONS,N
EXPLOIT,N
EXPLOITATION,N
EXPLOITATIONS,N
EXPLOITATIVE,N
EXPLOITED,N
EXPLOITING,N
EXPLOITS,N
EXPOSE,N
EXPOSED,N
EXPOSES,N
EXPOSING,N
EXPOSURE,U
EXPOSURES,U
EXPROPRIATE,N
EXPROPRIATED,N
EXPROPRIATES,N
EXPROPRIATING,N
EXPROPRIATION,N
EXPROPRIATIONS,N
EXPULSION,N
EXPULSIONS,N
EXTENUATING,N
FAIL,N
FAILED,N
FAILING,N
FAILINGS,N
FAILS,N
FAILURE,N
FAILURES,N
FALLOUT,N
FALSE,N
FALSELY,N
FALSIFICATION,N
FALSIFICATIONS,N
FALSIFIED,N
FALSIFIES,N
FALSIFY,N
FALSIFYING,N
FALSITY,N
FANTASTIC,P
FATALITIES,N
FATALITY,N
FATALLY,N
FAULT,N
FAULTED,N
FAULTS,N
FAULTY,N
FAVORABLE,P
FAVORABLY,P
FAVORED,P
FAVORING,P
FAVORITE,P
FAVORITES,P
FEAR,N
FEARS,N
FELONIES,N
FELONIOUS,N
FELONY,N
FICTITIOUS,N
FINED,N
FINES,N
FIRED,N
FIRING,N
FLAW,N
FLAWED,N
FLAWS,N
FLUCTUATE,U
FLUCTUATED,U
FLUCTUATES,U
FLUCTUATING,U
FLUCTUATION,U
FLUCTUATIONS,U
FORBID,N
FORBIDDEN,N
FORBIDDING,N
FORBIDS,N
FORCE,N
FORCED,N
FORCING,N
FORECLOSE,N
FORECLOSED,N
FORECLOSES,N
FORECLOSING,N
FORECLOSURE,N
FORECLOSURES,N
FOREGO,N
FOREGOES,N
FOREGONE,N
FORESTALL,N
FORESTALLED,N
FORESTALLING,N
FORESTALLS,N
FORFEIT,N
FORFEITED,N
FORFEITING,N
FORFEITS,N
FORFEITURE,N
FORFEITURES,N
FORGERS,N
FORGERY,N
FRAUD,N
FRAUDS,N
FRAUDULENCE,N
FRAUDULENT,N
FRAUDULENTLY,N
FRIENDLY,P
FRIVOLOUS,N
FRIVOLOUSLY,N
FRUSTRATE,N
FRUSTRATED,N
FRUSTRATES,N
FRUSTRATING,N
FRUSTRATINGLY,N
FRUSTRATION,N
FRUSTRATIONS,N
FUGITIVE,N
FUGITIVES,N
GAIN,P
GAINED,P
GAINING,P
GAINS,P
GOOD,P
GRATUITOUS,N
GRATUITOUSLY,N
GREAT,P
GREATER,P
GREATEST,P
GREATLY,P
GREATNESS,P
GRIEVANCE,N
GRIEVANCES,N
GROSSLY,N
GROUNDLESS,N
GUILTY,N
HALT,N
HALTED,N
HAMPER,N
HAMPERED,N
HAMPERING,N
HAMPERS,N
HAPPIEST,P
HAPPILY,P
HAPPINESS,P
HAPPY,P
HARASS,N
HARASSED,N
HARASSING,N
HARASSMENT,N
HARDSHIP,N
HARDSHIPS,N
HARM,N
HARMED,N
HARMFUL,N
HARMFULLY,N
HARMING,N
HARMS,N
HARSH,N
HARSHER,N
HARSHEST,N
HARSHLY,N
HARSHNESS,N
HAZARD,N
HAZARDOUS,N
HAZARDS,N
HIDDEN,U
HIGHEST,P
HINDER,N
HINDERED,N
HINDERING,N
HINDERS,N
HINDRANCE,N
HINDRANCES,N
HINGES,U
HONOR,P
HONORABLE,P
HONORED,P
HONORING,P
HONORS,P
HOSTILE,N
HOSTILITY,N
HURT,N
HURTING,N
IDEAL,P
IDLE,N
IDLED,N
IDLING,N
IGNORE,N
IGNORED,N
IGNORES,N
IGNORING,N
ILL,N
ILLEGAL,N
ILLEGALITIES,N
ILLEGALITY,N
ILLEGALLY,N
ILLEGIBLE,N
ILLICIT,N
ILLICITLY,N
ILLIQUID,N
ILLIQUIDITY,N
IMBALANCE,N
IMBALANCES,N
IMMATURE,N
IMMORAL,N
IMPAIR,N
IMPAIRED,N
IMPAIRING,N
IMPAIRMENT,N
IMPAIRMENTS,N
IMPAIRS,N
IMPASSE,N
IMPASSES,N
IMPEDE,N
IMPEDED,N
IMPEDES,N
IMPEDIMENT,N
IMPEDIMENTS,N
IMPEDING,N
IMPENDING,N
IMPERATIVE,N
IMPERFECTION,N
IMPERFECTIONS,N
IMPERIL,N
IMPERMISSIBLE,N
IMPLICATE,N
IMPLICATED,N
IMPLICATES,N
IMPLICATING,N
IMPOSSIBILITY,N
IMPOSSIBLE,N
IMPOUND,N
IMPOUNDED,N
IMPOUNDING,N
IMPOUNDS,N
IMPRACTICABLE,N
IMPRACTICAL,N
IMPRACTICALITIES,N
IMPRACTICALITY,N
IMPRECISE,U
IMPRECISION,U
IMPRECISIONS,U
IMPRESS,P
IMPRESSED,P
IMPRESSES,P
IMPRESSING,P
IMPRESSIVE,P
IMPRESSIVELY,P
IMPRISONMENT,N
IMPROBABILITY,U
IMPROBABLE,U
IMPROPER,N
IMPROPERLY,N
IMPROPRIETIES,N
IMPROPRIETY,N
IMPROVE,P
IMPROVED,P
IMPROVEMENT,P
IMPROVEMENTS,P
IMPROVES,P
IMPROVING,P
IMPRUDENT,N
IMPRUDENTLY,N
INABILITY,N
INACCESSIBLE,N
INACCURACIES,N
INACCURACY,N
INACCURATE,N
INACCURATELY,N
INACTION,N
INACTIONS,N
INACTIVATE,N
INACTIVATED,N
INACTIVATES,N
INACTIVATING,N
INACTIVATION,N
INACTIVATIONS,N
INACTIVITY,N
INADEQUACIES,N
INADEQUACY,N
INADEQUATE,N
INADEQUATELY,N
INADVERTENT,N
INADVERTENTLY,N
INADVISABILITY,N
INADVISABLE,N
INAPPROPRIATE,N
INAPPROPRIATELY,N
INATTENTION,N
INCAPABLE,N
INCAPACITATED,N
INCAPACITY,N
INCARCERATE,N
INCARCERATED,N
INCARCERATES,N
INCARCERATING,N
INCARCERATION,N
INCARCERATIONS,N
INCIDENCE,N
INCIDENCES,N
INCIDENT,N
INCIDENTS,N
INCOMPATIBILITIES,N
INCOMPATIBILITY,N
INCOMPATIBLE,N
INCOMPETENCE,N
INCOMPETENCY,N
INCOMPETENT,N
INCOMPETENTLY,N
INCOMPETENTS,N
INCOMPLETE,N
INCOMPLETELY,N
INCOMPLETENESS,N
INCONCLUSIVE,N
INCONSISTENCIES,N
INCONSISTENCY,N
INCONSISTENT,N
INCONSISTENTLY,N
INCONVENIENCE,N
INCONVENIENCES,N
INCONVENIENT,N
INCORRECT,N
INCORRECTLY,N
INCORRECTNESS,N
INCREDIBLE,P
INCREDIBLY,P
INDECENCY,N
INDECENT,N
INDEFEASIBLE,N
INDEFEASIBLY,N
INDEFINITE,U
INDEFINITELY,U
INDEFINITENESS,U
INDETERMINABLE,U
INDETERMINATE,U
INDICT,N
INDICTABLE,N
INDICTED,N
INDICTING,N
INDICTMENT,N
INDICTMENTS,N
INEFFECTIVE,N
INEFFECTIVELY,N
INEFFECTIVENESS,N
INEFFICIENCIES,N
INEFFICIENCY,N
INEFFICIENT,N
INEFFICIENTLY,N
INELIGIBILITY,N
INELIGIBLE,N
INEQUITABLE,N
INEQUITABLY,N
INEQUITIES,N
INEQUITY,N
INEVITABLE,N
INEXACT,U
INEXACTNESS,U
INEXPERIENCE,N
INEXPERIENCED,N
INFERIOR,N
INFLICTED,N
INFLUENTIAL,P
INFORMATIVE,P
INFRACTION,N
INFRACTIONS,N
INFRINGE,N
INFRINGED,N
INFRINGEMENT,N
INFRINGEMENTS,N
INFRINGES,N
INFRINGING,N
INGENUITY,P
INHIBITED,N
INIMICAL,N
INJUNCTION,N
INJUNCTIONS,N
INJURE,N
INJURED,N
INJURES,N
INJURIES,N
INJURING,N
INJURIOUS,N
INJURY,N
INNOVATE,P
INNOVATED,P
INNOVATES,P
INNOVATING,P
INNOVATION,P
INNOVATIONS,P
INNOVATIVE,P
INNOVATIVENESS,P
INNOVATOR,P
INNOVATORS,P
INORDINATE,N
INORDINATELY,N
INQUIRY,N
INSECURE,N
INSENSITIVE,N
INSIGHTFUL,P
INSOLVENCIES,N
INSOLVENCY,N
INSOLVENT,N
INSPIRATION,P
INSPIRATIONAL,P
INSTABILITIES,U
INSTABILITY,N
INSUBORDINATION,N
INSUFFICIENCY,N
INSUFFICIENT,N
INSUFFICIENTLY,N
INSURRECTION,N
INSURRECTIONS,N
INTANGIBLE,U
INTANGIBLES,U
INTEGRITY,P
INTENTIONAL,N
INTERFERE,N
INTERFERED,N
INTERFERENCE,N
INTERFERENCES,N
INTERFERES,N
INTERFERING,N
INTERMITTENT,N
INTERMITTENTLY,N
INTERRUPT,N
INTERRUPTED,N
INTERRUPTING,N
INTERRUPTION,N
INTERRUPTIONS,N
INTERRUPTS,N
INTIMIDATION,N
INTRUSION,N
INVALID,N
INVALIDATE,N
INVALIDATED,N
INVALIDATES,N
INVALIDATING,N
INVALIDATION,N
INVALIDITY,N
INVENT,P
INVENTED,P
INVENTING,P
INVENTION,P
INVENTIONS,P
INVENTIVE,P
INVENTIVENESS,P
INVENTOR,P
INVENTORS,P
INVESTIGATE,N
INVESTIGATED,N
INVESTIGATES,N
INVESTIGATING,N
INVESTIGATION,N
INVESTIGATIONS,N
INVOLUNTARILY,N
INVOLUNTARY,N
IRRECONCILABLE,N
IRRECONCILABLY,N
IRRECOVERABLE,N
IRRECOVERABLY,N
IRREGULAR,N
IRREGULARITIES,N
IRREGULARITY,N
IRREGULARLY,N
IRREPARABLE,N
IRREPARABLY,N
IRREVERSIBLE,N
JEOPARDIZE,N
JEOPARDIZED,N
JUSTIFIABLE,N
KICKBACK,N
KICKBACKS,N
KNOWINGLY,N
LACK,N
LACKED,N
LACKING,N
LACKLUSTER,N
LACKS,N
LAG,N
LAGGED,N
LAGGING,N
LAGS,N
LAPSE,N
LAPSED,N
LAPSES,N
LAPSING,N
LATE,N
LAUNDERING,N
LAYOFF,N
LAYOFFS,N
LEADERSHIP,P
LEADING,P
LIE,N
LIKELIHOOD,U
LIMITATION,N
LIMITATIONS,N
LINGERING,N
LIQUIDATE,N
LIQUIDATED,N
LIQUIDATES,N
LIQUIDATING,N
LIQUIDATION,N
LIQUIDATIONS,N
LIQUIDATOR,N
LIQUIDATORS,N
LITIGANT,N
LITIGANTS,N
LITIGATE,N
LITIGATED,N
LITIGATES,N
LITIGATING,N
LITIGATION,N
LITIGATIONS,N
LOCKOUT,N
LOCKOUTS,N
LOSE,N
LOSES,N
LOSING,N
LOSS,N
LOSSES,N
LOST,N
LOYAL,P
LUCRATIVE,P
LYING,N
MALFEASANCE,N
MALFUNCTION,N
MALFUNCTIONED,N
MALFUNCTIONING,N
MALFUNCTIONS,N
MALICE,N
MALICIOUS,N
MALICIOUSLY,N
MALPRACTICE,N
MANIPULATE,N
MANIPULATED,N
MANIPULATES,N
MANIPULATING,N
MANIPULATION,N
MANIPULATIONS,N
MANIPULATIVE,N
MARKDOWN,N
MARKDOWNS,N
MAY,U
MAYBE,U
MERITORIOUS,P
MIGHT,U
MISAPPLICATION,N
MISAPPLICATIONS,N
MISAPPLIED,N
MISAPPLIES,N
MISAPPLY,N
MISAPPLYING,N
MISAPPROPRIATE,N
MISAPPROPRIATED,N
MISAPPROPRIATES,N
MISAPPROPRIATING,N
MISAPPROPRIATION,N
MISAPPROPRIATIONS,N
MISBRANDED,N
MISCALCULATE,N
MISCALCULATED,N
MISCALCULATES,N
MISCALCULATING,N
MISCALCULATION,N
MISCALCULATIONS,N
MISCHARACTERIZATION,N
MISCHIEF,N
MISCLASSIFICATION,N
MISCLASSIFICATIONS,N
MISCLASSIFIED,N
MISCLASSIFY,N
MISCOMMUNICATION,N
MISCONDUCT,N
MISDATED,N
MISDEMEANOR,N
MISDEMEANORS,N
MISDIRECTED,N
MISHANDLE,N
MISHANDLED,N
MISHANDLES,N
MISHANDLING,N
MISINFORM,N
MISINFORMATION,N
MISINFORMED,N
MISINFORMING,N
MISINFORMS,N
MISINTERPRET,N
MISINTERPRETATION,N
MISINTERPRETATIONS,N
MISINTERPRETED,N
MISINTERPRETING,N
MISINTERPRETS,N
MISJUDGE,N
MISJUDGED,N
MISJUDGES,N
MISJUDGING,N
MISJUDGMENT,N
MISJUDGMENTS,N
MISLABEL,N
MISLABELED,N
MISLABELING,N
MISLABELLED,N
MISLABELS,N
MISLEAD,N
MISLEADING,N
MISLEADINGLY,N
MISLEADS,N
MISLED,N
MISMANAGE,N
MISMANAGED,N
MISMANAGEMENT,N
MISMANAGES,N
MISMANAGING,N
MISMATCH,N
MISMATCHED,N
MISMATCHES,N
MISMATCHING,N
MISPLACED,N
MISPRICE,N
MISPRICING,N
MISPRICINGS,N
MISREPRESENT,N
MISREPRESENTATION,N
MISREPRESENTATIONS,N
MISREPRESENTED,N
MISREPRESENTING,N
MISREPRESENTS,N
MISS,N
MISSED,N
MISSES,N
MISSTATE,N
MISSTATED,N
MISSTATEMENT,N
MISSTATEMENTS,N
MISSTATES,N
MISSTATING,N
MISSTEP,N
MISSTEPS,N
MISTAKE,N
MISTAKEN,N
MISTAKENLY,N
MISTAKES,N
MISTAKING,N
MISTRIAL,N
MISTRIALS,N
MISUNDERSTAND,N
MISUNDERSTANDING,N
MISUNDERSTANDINGS,N
MISUNDERSTOOD,N
MISUSE,N
MISUSED,N
MISUSES,N
MISUSING,N
MONOPOLISTIC,N
MONOPOLISTS,N
MONOPOLIZATION,N
MONOPOLIZE,N
MONOPOLIZED,N
MONOPOLIZES,N
MONOPOLIZING,N
MONOPOLY,N
MORATORIA,N
MORATORIUM,N
MORATORIUMS,N
MOTHBALLED,N
MOTHBALLING,N
NEARLY,U
NEGATIVE,N
NEGATIVELY,N
NEGATIVES,N
NEGLECT,N
NEGLECTED,N
NEGLECTFUL,N
NEGLECTING,N
NEGLECTS,N
NEGLIGENCE,N
NEGLIGENCES,N
NEGLIGENT,N
NEGLIGENTLY,N
NONASSESSABLE,U
NONATTAINMENT,N
NONCOMPETITIVE,N
NONCOMPLIANCE,N
NONCOMPLIANCES,N
NONCOMPLIANT,N
NONCOMPLYING,N
NONCONFORMING,N
NONCONFORMITIES,N
NONCONFORMITY,N
NONDISCLOSURE,N
NONFUNCTIONAL,N
NONPAYMENT,N
NONPAYMENTS,N
NONPERFORMANCE,N
NONPERFORMANCES,N
NONPERFORMING,N
NONPRODUCING,N
NONPRODUCTIVE,N
NONRECOVERABLE,N
NONRENEWAL,N
NUISANCE,N
NUISANCES,N
NULLIFICATION,N
NULLIFICATIONS,N
NULLIFIED,N
NULLIFIES,N
NULLIFY,N
NULLIFYING,N
OBJECTED,N
OBJECTING,N
OBJECTION,N
OBJECTIONABLE,N
OBJECTIONABLY,N
OBJECTIONS,N
OBSCENE,N
OBSCENITY,N
OBSOLESCENCE,N
OBSOLETE,N
OBSTACLE,N
OBSTACLES,N
OBSTRUCT,N
OBSTRUCTED,N
OBSTRUCTING,N
OBSTRUCTION,N
OBSTRUCTIONS,N
OCCASIONALLY,U
OFFENCE,N
OFFENCES,N
OFFEND,N
OFFENDED,N
OFFENDER,N
OFFENDERS,N
OFFENDING,N
OFFENDS,N
OMISSION,N
OMISSIONS,N
OMIT,N
OMITS,N
OMITTED,N
OMITTING,N
ONEROUS,N
OPPORTUNISTIC,N
OPPORTUNISTICALLY,N
OPPORTUNITIES,P
OPPORTUNITY,P
OPPOSE,N
OPPOSED,N
OPPOSES,N
OPPOSING,N
OPPOSITION,N
OPPOSITIONS,N
OPTIMISTIC,P
ORDINARILY,U
OUTAGE,N
OUTAGES,N
OUTDATED,N
OUTMODED,N
OUTPERFORM,P
OUTPERFORMED,P
OUTPERFORMING,P
OUTPERFORMS,P
OVERAGE,N
OVERAGES,N
OVERBUILD,N
OVERBUILDING,N
OVERBUILDS,N
OVERBUILT,N
OVERBURDEN,N
OVERBURDENED,N
OVERBURDENING,N
OVERCAPACITIES,N
OVERCAPACITY,N
OVERCHARGE,N
OVERCHARGED,N
OVERCHARGES,N
OVERCHARGING,N
OVERCOME,N
OVERCOMES,N
OVERCOMING,N
OVERDUE,N
OVERESTIMATE,N
OVERESTIMATED,N
OVERESTIMATES,N
OVERESTIMATING,N
OVERESTIMATION,N
OVERESTIMATIONS,N
OVERLOAD,N
OVERLOADED,N
OVERLOADING,N
OVERLOADS,N
OVERLOOK,N
OVERLOOKED,N
OVERLOOKING,N
OVERLOOKS,N
OVERPAID,N
OVERPAYMENT,N
OVERPAYMENTS,N
OVERPRODUCED,N
OVERPRODUCES,N
OVERPRODUCING,N
OVERPRODUCTION,N
OVERRUN,N
OVERRUNNING,N
OVERRUNS,N
OVERSHADOW,N
OVERSHADOWED,N
OVERSHADOWING,N
OVERSHADOWS,N
OVERSTATE,N
OVERSTATED,N
OVERSTATEMENT,N
OVERSTATEMENTS,N
OVERSTATES,N
OVERSTATING,N
OVERSUPPLIED,N
OVERSUPPLIES,N
OVERSUPPLY,N
OVERSUPPLYING,N
OVERTLY,N
OVERTURN,N
OVERTURNED,N
OVERTURNING,N
OVERTURNS,N
OVERVALUE,N
OVERVALUED,N
OVERVALUING,N
PANIC,N
PANICS,N
PENALIZE,N
PENALIZED,N
PENALIZES,N
PENALIZING,N
PENALTIES,N
PENALTY,N
PENDING,U
PERFECT,P
PERFECTED,P
PERFECTLY,P
PERFECTS,P
PERHAPS,U
PERIL,N
PERILS,N
PERJURY,N
PERPETRATE,N
PERPETRATED,N
PERPETRATES,N
PERPETRATING,N
PERPETRATION,N
PERSIST,N
PERSISTED,N
PERSISTENCE,N
PERSISTENT,N
PERSISTENTLY,N
PERSISTING,N
PERSISTS,N
PERVASIVE,N
PERVASIVELY,N
PERVASIVENESS,N
PETTY,N
PICKET,N
PICKETED,N
PICKETING,N
PLAINTIFF,N
PLAINTIFFS,N
PLEA,N
PLEAD,N
PLEADED,N
PLEADING,N
PLEADINGS,N
PLEADS,N
PLEAS,N
PLEASANT,P
PLEASANTLY,P
PLEASED,P
PLEASURE,P
PLED,N
PLENTIFUL,P
POOR,N
POORLY,N
POPULAR,P
POPULARITY,P
POSES,N
POSING,N
POSITIVE,P
POSITIVELY,P
POSSIBILITIES,U
POSSIBILITY,U
POSSIBLE,U
POSSIBLY,U
POSTPONE,N
POSTPONED,N
POSTPONEMENT,N
POSTPONEMENTS,N
POSTPONES,N
POSTPONING,N
PRECAUTION,U
PRECAUTIONARY,U
PRECAUTIONS,U
PRECIPITATED,N
PRECIPITOUS,N
PRECIPITOUSLY,N
PRECLUDE,N
PRECLUDED,N
PRECLUDES,N
PRECLUDING,N
PREDATORY,N
PREDICT,U
PREDICTABILITY,U
PREDICTED,U
PREDICTING,U
PREDICTION,U
PREDICTIONS,U
PREDICTIVE,U
PREDICTOR,U
PREDICTORS,U
PREDICTS,U
PREEMINENCE,P
PREEMINENT,P
PREJUDICE,N
PREJUDICED,N
PREJUDICES,N
PREJUDICIAL,N
PREJUDICING,N
PRELIMINARILY,U
PRELIMINARY,U
PREMATURE,N
PREMATURELY,N
PREMIER,P
PREMIERE,P
PRESSING,N
PRESTIGE,P
PRESTIGIOUS,P
PRESUMABLY,U
PRESUME,U
PRESUMED,U
PRESUMES,U
PRESUMING,U
PRESUMPTION,U
PRESUMPTIONS,U
PRETRIAL,N
PREVENTING,N
PREVENTION,N
PREVENTS,N
PROACTIVE,P
PROACTIVELY,P
PROBABILISTIC,U
PROBABILITIES,U
PROBABILITY,U
PROBABLE,U
PROBABLY,U
PROBLEM,N
PROBLEMATIC,N
PROBLEMATICAL,N
PROBLEMS,N
PROFICIENCY,P
PROFICIENT,P
PROFICIENTLY,P
PROFITABILITY,P
PROFITABLE,P
PROFITABLY,P
PROGRESS,P
PROGRESSED,P
PROGRESSES,P
PROGRESSING,P
PROLONG,N
PROLONGATION,N
PROLONGATIONS,N
PROLONGED,N
PROLONGING,N
PROLONGS,N
PRONE,N
PROSECUTE,N
PROSECUTED,N
PROSECUTES,N
PROSECUTING,N
PROSECUTION,N
PROSECUTIONS,N
PROSPERED,P
PROSPERING,P
PROSPERITY,P
PROSPEROUS,P
PROSPERS,P
PROTEST,N
PROTESTED,N
PROTESTER,N
PROTESTERS,N
PROTESTING,N
PROTESTOR,N
PROTESTORS,N
PROTESTS,N
PROTRACTED,N
PROTRACTION,N
PROVOKE,N
PROVOKED,N
PROVOKES,N
PROVOKING,N
PUNISHED,N
PUNISHES,N
PUNISHING,N
PUNISHMENT,N
PUNISHMENTS,N
PUNITIVE,N
PURPORT,N
PURPORTED,N
PURPORTEDLY,N
PURPORTING,N
PURPORTS,N
QUESTION,N
QUESTIONABLE,N
QUESTIONABLY,N
QUESTIONED,N
QUESTIONING,N
QUESTIONS,N
QUIT,N
QUITTING,N
RACKETEER,N
RACKETEERING,N
RANDOM,U
RANDOMIZE,U
RANDOMIZED,U
RANDOMIZES,U
RANDOMIZING,U
RANDOMLY,U
RANDOMNESS,U
RATIONALIZATION,N
RATIONALIZATIONS,N
RATIONALIZE,N
RATIONALIZED,N
RATIONALIZES,N
RATIONALIZING,N
REASSESS,U
REASSESSED,U
REASSESSES,U
REASSESSING,U
REASSESSMENT,N
REASSESSMENTS,N
REASSIGN,N
REASSIGNED,N
REASSIGNING,N
REASSIGNMENT,N
REASSIGNMENTS,N
REASSIGNS,N
REBOUND,P
REBOUNDED,P
REBOUNDING,P
RECALCULATE,U
RECALCULATED,U
RECALCULATES,U
RECALCULATING,U
RECALCULATION,U
RECALCULATIONS,U
RECALL,N
RECALLED,N
RECALLING,N
RECALLS,N
RECEPTIVE,P
RECESSION,N
RECESSIONARY,N
RECESSIONS,N
RECKLESS,N
RECKLESSLY,N
RECKLESSNESS,N
RECONSIDER,U
RECONSIDERED,U
RECONSIDERING,U
RECONSIDERS,U
REDACT,N
REDACTED,N
REDACTING,N
REDACTION,N
REDACTIONS,N
REDEFAULT,N
REDEFAULTED,N
REDEFAULTS,N
REDRESS,N
REDRESSED,N
REDRESSES,N
REDRESSING,N
REEXAMINATION,U
REEXAMINE,U
REEXAMINING,U
REFUSAL,N
REFUSALS,N
REFUSE,N
REFUSED,N
REFUSES,N
REFUSING,N
REGAIN,P
REGAINED,P
REGAINING,P
REINTERPRET,U
REINTERPRETATION,U
REINTERPRETATIONS,U
REINTERPRETED,U
REINTERPRETING,U
REINTERPRETS,U
REJECT,N
REJECTED,N
REJECTING,N
REJECTION,N
REJECTIONS,N
REJECTS,N
RELINQUISH,N
RELINQUISHED,N
RELINQUISHES,N
RELINQUISHING,N
RELINQUISHMENT,N
RELINQUISHMENTS,N
RELUCTANCE,N
RELUCTANT,N
RENEGOTIATE,N
RENEGOTIATED,N
RENEGOTIATES,N
RENEGOTIATING,N
RENEGOTIATION,N
RENEGOTIATIONS,N
RENOUNCE,N
RENOUNCED,N
RENOUNCEMENT,N
RENOUNCEMENTS,N
RENOUNCES,N
RENOUNCING,N
REPARATION,N
REPARATIONS,N
REPOSSESSED,N
REPOSSESSES,N
REPOSSESSING,N
REPOSSESSION,N
REPOSSESSIONS,N
REPUDIATE,N
REPUDIATED,N
REPUDIATES,N
REPUDIATING,N
REPUDIATION,N
REPUDIATIONS,N
RESIGN,N
RESIGNATION,N
RESIGNATIONS,N
RESIGNED,N
RESIGNING,N
RESIGNS,N
RESOLVE,P
RESTATE,N
RESTATED,N
RESTATEMENT,N
RESTATEMENTS,N
RESTATES,N
RESTATING,N
RESTRUCTURE,N
RESTRUCTURED,N
RESTRUCTURES,N
RESTRUCTURING,N
RESTRUCTURINGS,N
RETALIATE,N
RETALIATED,N
RETALIATES,N
RETALIATING,N
RETALIATION,N
RETALIATIONS,N
RETALIATORY,N
RETRIBUTION,N
RETRIBUTIONS,N
REVISE,U
REVISED,U
REVOCATION,N
REVOCATIONS,N
REVOKE,N
REVOKED,N
REVOKES,N
REVOKING,N
REVOLUTIONIZE,P
REVOLUTIONIZED,P
REVOLUTIONIZES,P
REVOLUTIONIZING,P
REWARD,P
REWARDED,P
REWARDING,P
REWARDS,P
RIDICULE,N
RIDICULED,N
RIDICULES,N
RIDICULING,N
RISK,U
RISKED,U
RISKIER,N
RISKIEST,N
RISKINESS,U
RISKING,U
RISKS,U
RISKY,N
ROUGHLY,U
RUMORS,U
SABOTAGE,N
SACRIFICE,N
SACRIFICED,N
SACRIFICES,N
SACRIFICIAL,N
SACRIFICING,N
SATISFACTION,P
SATISFACTORILY,P
SATISFACTORY,P
SATISFIED,P
SATISFIES,P
SATISFY,P
SATISFYING,P
SCANDALOUS,N
SCANDALS,N
SCRUTINIZE,N
SCRUTINIZED,N
SCRUTINIZES,N
SCRUTINIZING,N
SCRUTINY,N
SECRECY,N
SEEMS,U
SEIZE,N
SEIZED,N
SEIZES,N
SEIZING,N
SELDOM,U
SELDOMLY,U
SENTENCED,N
SENTENCING,N
SERIOUS,N
SERIOUSLY,N
SERIOUSNESS,N
SETBACK,N
SETBACKS,N
SEVER,N
SEVERE,N
SEVERED,N
SEVERELY,N
SEVERITIES,N
SEVERITY,N
SHARPLY,N
SHOCKED,N
SHORTAGE,N
SHORTAGES,N
SHORTFALL,N
SHORTFALLS,N
SHRINKAGE,N
SHRINKAGES,N
SHUT,N
SHUTDOWN,N
SHUTDOWNS,N
SHUTS,N
SHUTTING,N
SLANDER,N
SLANDERED,N
SLANDEROUS,N
SLANDERS,N
SLIPPAGE,N
SLIPPAGES,N
SLOW,N
SLOWDOWN,N
SLOWDOWNS,N
SLOWED,N
SLOWER,N
SLOWEST,N
SLOWING,N
SLOWLY,N
SLOWNESS,N
SLUGGISH,N
SLUGGISHLY,N
SLUGGISHNESS,N
SMOOTH,P
SMOOTHING,P
SMOOTHLY,P
SMOOTHS,P
SOLVENCIES,N
SOLVENCY,N
SOLVES,P
SOLVING,P
SOMETIME,U
SOMETIMES,U
SOMEWHAT,U
SOMEWHERE,U
SPAM,N
SPAMMERS,N
SPAMMING,N
SPECTACULAR,P
SPECTACULARLY,P
SPECULATE,U
SPECULATED,U
SPECULATES,U
SPECULATING,U
SPECULATION,U
SPECULATIONS,U
SPECULATIVE,U
SPECULATIVELY,U
SPORADIC,U
SPORADICALLY,U
STABILITY,P
STABILIZATION,P
STABILIZATIONS,P
STABILIZE,P
STABILIZED,P
STABILIZES,P
STABILIZING,P
STABLE,P
STAGGERING,N
STAGNANT,N
STAGNATE,N
STAGNATED,N
STAGNATES,N
STAGNATING,N
STAGNATION,N
STANDSTILL,N
STANDSTILLS,N
STOLEN,N
STOPPAGE,N
STOPPAGES,N
STOPPED,N
STOPPING,N
STOPS,N
STRAIN,N
STRAINED,N
STRAINING,N
STRAINS,N
STRENGTH,P
STRENGTHEN,P
STRENGTHENED,P
STRENGTHENING,P
STRENGTHENS,P
STRENGTHS,P
STRESS,N
STRESSED,N
STRESSES,N
STRESSFUL,N
STRESSING,N
STRINGENT,N
STRONG,P
STRONGER,P
STRONGEST,P
SUBJECTED,N
SUBJECTING,N
SUBJECTION,N
SUBPOENA,N
SUBPOENAED,N
SUBPOENAS,N
SUBSTANDARD,N
SUCCEED,P
SUCCEEDED,P
SUCCEEDING,P
SUCCEEDS,P
SUCCESS,P
SUCCESSES,P
SUCCESSFUL,P
SUCCESSFULLY,P
SUDDEN,U
SUDDENLY,U
SUE,N
SUED,N
SUES,N
SUFFER,N
SUFFERED,N
SUFFERING,N
SUFFERS,N
SUGGEST,U
SUGGESTED,U
SUGGESTING,U
SUGGESTS,U
SUING,N
SUMMONED,N
SUMMONING,N
SUMMONS,N
SUMMONSES,N
SUPERIOR,P
SURPASS,P
SURPASSED,P
SURPASSES,P
SURPASSING,P
SUSCEPTIBILITY,N
SUSCEPTIBLE,N
SUSPECT,N
SUSPECTED,N
SUSPECTS,N
SUSPEND,N
SUSPENDED,N
SUSPENDING,N
SUSPENDS,N
SUSPENSION,N
SUSPENSIONS,N
SUSPICION,N
SUSPICIONS,N
SUSPICIOUS,N
SUSPICIOUSLY,N
TAINT,N
TAINTED,N
TAINTING,N
TAINTS,N
TAMPERED,N
TENDING,U
TENSE,N
TENTATIVE,U
TENTATIVELY,U
TERMINATE,N
TERMINATED,N
TERMINATES,N
TERMINATING,N
TERMINATION,N
TERMINATIONS,N
TESTIFY,N
TESTIFYING,N
THREAT,N
THREATEN,N
THREATENED,N
THREATENING,N
THREATENS,N
THREATS,N
TIGHTENING,N
TOLERATE,N
TOLERATED,N
TOLERATES,N
TOLERATING,N
TOLERATION,N
TORTUOUS,N
TORTUOUSLY,N
TRAGEDIES,N
TRAGEDY,N
TRAGIC,N
TRAGICALLY,N
TRANSPARENCY,P
TRAUMATIC,N
TREMENDOUS,P
TREMENDOUSLY,P
TROUBLE,N
TROUBLED,N
TROUBLES,N
TURBULENCE,N
TURMOIL,N
UNABLE,N
UNACCEPTABLE,N
UNACCEPTABLY,N
UNACCOUNTED,N
UNANNOUNCED,N
UNANTICIPATED,N
UNAPPROVED,N
UNATTRACTIVE,N
UNAUTHORIZED,N
UNAVAILABILITY,N
UNAVAILABLE,N
UNAVOIDABLE,N
UNAVOIDABLY,N
UNAWARE,N
UNCERTAIN,U
UNCERTAINLY,U
UNCERTAINTIES,U
UNCERTAINTY,U
UNCLEAR,U
UNCOLLECTABLE,N
UNCOLLECTED,N
UNCOLLECTIBILITY,N
UNCOLLECTIBLE,N
UNCOLLECTIBLES,N
UNCOMPETITIVE,N
UNCOMPLETED,N
UNCONFIRMED,U
UNCONSCIONABLE,N
UNCONSCIONABLY,N
UNCONTROLLABLE,N
UNCONTROLLABLY,N
UNCONTROLLED,N
UNCORRECTED,N
UNCOVER,N
UNCOVERED,N
UNCOVERING,N
UNCOVERS,N
UNDECIDED,U
UNDEFINED,U
UNDELIVERABLE,N
UNDELIVERED,N
UNDERCAPITALIZED,N
UNDERCUT,N
UNDERCUTS,N
UNDERCUTTING,N
UNDERESTIMATE,N
UNDERESTIMATED,N
UNDERESTIMATES,N
UNDERESTIMATING,N
UNDERESTIMATION,N
UNDERFUNDED,N
UNDERINSURED,N
UNDERMINE,N
UNDERMINED,N
UNDERMINES,N
UNDERMINING,N
UNDERPAID,N
UNDERPAYMENT,N
UNDERPAYMENTS,N
UNDERPAYS,N
UNDERPERFORM,N
UNDERPERFORMANCE,N
UNDERPERFORMED,N
UNDERPERFORMING,N
UNDERPERFORMS,N
UNDERPRODUCED,N
UNDERPRODUCTION,N
UNDERREPORTING,N
UNDERSTATE,N
UNDERSTATED,N
UNDERSTATEMENT,N
UNDERSTATEMENTS,N
UNDERSTATES,N
UNDERSTATING,N
UNDERUTILIZATION,N
UNDERUTILIZED,N
UNDESIGNATED,U
UNDESIRABLE,N
UNDESIRED,N
UNDETECTABLE,U
UNDETECTED,N
UNDETERMINABLE,U
UNDETERMINED,N
UNDISCLOSED,N
UNDOCUMENTED,N
UNDUE,N
UNDULY,N
UNECONOMIC,N
UNECONOMICAL,N
UNECONOMICALLY,N
UNEMPLOYED,N
UNEMPLOYMENT,N
UNETHICAL,N
UNETHICALLY,N
UNEXCUSED,N
UNEXPECTED,N
UNEXPECTEDLY,N
UNFAIR,N
UNFAIRLY,N
UNFAMILIAR,U
UNFAMILIARITY,U
UNFAVORABILITY,N
UNFAVORABLE,N
UNFAVORABLY,N
UNFAVOURABLE,N
UNFEASIBLE,N
UNFIT,N
UNFITNESS,N
UNFORECASTED,U
UNFORESEEABLE,N
UNFORESEEN,N
UNFORSEEN,N
UNFORTUNATE,N
UNFORTUNATELY,N
UNFOUNDED,N
UNFRIENDLY,N
UNFULFILLED,N
UNFUNDED,N
UNGUARANTEED,U
UNHEDGED,U
UNIDENTIFIABLE,U
UNIDENTIFIED,U
UNINSURED,N
UNINTENDED,N
UNINTENTIONAL,N
UNINTENTIONALLY,N
UNJUST,N
UNJUSTIFIABLE,N
UNJUSTIFIABLY,N
UNJUSTIFIED,N
UNJUSTLY,N
UNKNOWING,N
UNKNOWINGLY,N
UNKNOWN,U
UNKNOWNS,U
UNLAWFUL,N
UNLAWFULLY,N
UNLICENSED,N
UNLIQUIDATED,N
UNMARKETABLE,N
UNMATCHED,P
UNMERCHANTABLE,N
UNMERITORIOUS,N
UNNECESSARILY,N
UNNECESSARY,N
UNNEEDED,N
UNOBSERVABLE,U
UNOBTAINABLE,N
UNOCCUPIED,N
UNPAID,N
UNPARALLELED,P
UNPERFORMED,N
UNPLANNED,N
UNPOPULAR,N
UNPREDICTABILITY,N
UNPREDICTABLE,N
UNPREDICTABLY,N
UNPREDICTED,N
UNPRODUCTIVE,N
UNPROFITABILITY,N
UNPROFITABLE,N
UNPROVED,U
UNPROVEN,U
UNQUALIFIED,N
UNQUANTIFIABLE,U
UNQUANTIFIED,U
UNREALISTIC,N
UNREASONABLE,N
UNREASONABLENESS,N
UNREASONABLY,N
UNRECEPTIVE,N
UNRECONCILED,U
UNRECOVERABLE,N
UNRECOVERED,N
UNREIMBURSED,N
UNRELIABLE,N
UNREMEDIED,N
UNREPORTED,N
UNRESOLVED,N
UNREST,N
UNSAFE,N
UNSALABLE,N
UNSALEABLE,N
UNSATISFACTORY,N
UNSATISFIED,N
UNSAVORY,N
UNSCHEDULED,N
UNSEASONABLE,U
UNSEASONABLY,U
UNSELLABLE,N
UNSETTLED,U
UNSOLD,N
UNSOUND,N
UNSPECIFIC,U
UNSPECIFIED,U
UNSTABILIZED,N
UNSTABLE,N
UNSUBSTANTIATED,N
UNSUCCESSFUL,N
UNSUCCESSFULLY,N
UNSUITABILITY,N
UNSUITABLE,N
UNSUITABLY,N
UNSUITED,N
UNSURE,N
UNSURPASSED,P
UNSUSPECTED,N
UNSUSPECTING,N
UNSUSTAINABLE,N
UNTENABLE,N
UNTESTED,U
UNTIMELY,N
UNTRUSTED,N
UNTRUTH,N
UNTRUTHFUL,N
UNTRUTHFULLY,N
UNTRUTHFULNESS,N
UNTRUTHS,N
UNUSABLE,N
UNUSUAL,U
UNUSUALLY,U
UNWANTED,N
UNWARRANTED,N
UNWELCOME,N
UNWILLING,N
UNWILLINGNESS,N
UNWRITTEN,U
UPSET,N
UPTURN,P
UPTURNS,P
URGENCY,N
URGENT,N
USURIOUS,N
USURP,N
USURPED,N
USURPING,N
USURPS,N
USURY,N
VAGARIES,U
VAGUE,U
VAGUELY,U
VAGUENESS,U
VAGUENESSES,U
VAGUER,U
VAGUEST,U
VALUABLE,P
VANDALISM,N
VARIABILITY,U
VARIABLE,U
VARIABLES,U
VARIABLY,U
VARIANCE,U
VARIANCES,U
VARIANT,U
VARIANTS,U
VARIATION,U
VARIATIONS,U
VARIED,U
VARIES,U
VARY,U
VARYING,U
VERDICT,N
VERDICTS,N
VERSATILE,P
VERSATILITY,P
VETOED,N
VIBRANCY,P
VIBRANT,P
VICTIMS,N
VIOLATE,N
VIOLATED,N
VIOLATES,N
VIOLATING,N
VIOLATION,N
VIOLATIONS,N
VIOLATIVE,N
VIOLATOR,N
VIOLATORS,N
VIOLENCE,N
VIOLENT,N
VIOLENTLY,N
VITIATE,N
VITIATED,N
VITIATES,N
VITIATING,N
VITIATION,N
VOIDED,N
VOIDING,N
VOLATILE,N
VOLATILITIES,U
VOLATILITY,N
VULNERABILITIES,N
VULNERABILITY,N
VULNERABLE,N
VULNERABLY,N
WARN,N
WARNED,N
WARNING,N
WARNINGS,N
WARNS,N
WASTED,N
WASTEFUL,N
WASTING,N
WEAK,N
WEAKEN,N
WEAKENED,N
WEAKENING,N
WEAKENS,N
WEAKER,N
WEAKEST,N
WEAKLY,N
WEAKNESS,N
WEAKNESSES,N
WILLFULLY,N
WIN,P
WINNER,P
WINNERS,P
WINNING,P
WORRIES,N
WORRY,N
WORRYING,N
WORSE,N
WORSEN,N
WORSENED,N
WORSENING,N
WORSENS,N
WORST,N
WORTHLESS,N
WORTHY,P
WRITEDOWN,N
WRITEDOWNS,N
WRITEOFF,N
WRITEOFFS,N
WRONG,N
WRONGDOING,N
WRONGDOINGS,N
WRONGFUL,N
WRONGFULLY,N
WRONGLY,N
